{"ALUFSADE": {"1553-2605": {"distance": 1.3533467897450195, "cars": 615}, "1557-2605": {"distance": 1.3503364251971037, "cars": 662}, "1645-2605": {"distance": 1.4450395727235952, "cars": 623}, "1015-2705": {"distance": 1.574073330269411, "cars": 625}, "1257-2705": {"distance": 1.0642838210458032, "cars": 637}, "1306-2705": {"distance": 1.3106109704827706, "cars": 522}, "2002-0407": {"distance": 1.4262136052094345, "cars": 322}}, "KOAKH": {"1611-1305": {"distance": 2.5426824352548034, "cars": 64}, "1323-2605": {"distance": 1.2320796419816282, "cars": 332}, "1547-2605": {"distance": 1.6068994081711396, "cars": 232}}, "JISER": {"1600-2605": {"distance": 2.020843294250898, "cars": 169}, "1523-1305": {"distance": 1.6722330361222812, "cars": 260}}, "MITZPEMODIIN": {"1255-2705": {"distance": 1.071366568416253, "cars": 94}, "1256-2705": {"distance": 0.9539429244632948, "cars": 112}}}